{"throttle_brake": {"kp": 0.2183964812644481, "ki": 0.933310067007094, "kd": 0.3537465120398552}, "steering": {"kp": 0.15015973514414038, "ki": 0.29838589798127524, "kd": 0.521791799776776}, "safety_buffer": 0.4099129542850092, "speed_adhere": 8.0, "lastFit": [[5.2770023895675035e-05, 37.24491669965936], [5.271784816802431e-05, 44.210643231741365], [5.277083246646844e-05, 20.248071286375332], [5.27760690696626e-05, 16.75718610615319], [5.275790822907533e-05, 26.07802739351634], [5.274888831988825e-05, 26.978877396816717], [5.275102440063727e-05, 7.126060953693709], [5.269576881875657e-05, 14.277896286037265], [5.2718009728769086e-05, 12.472603535835475], [5.270479066934373e-05, 12.328411247008063], [5.270780569169272e-05, 10.89003972510633], [5.2497860705627825e-05, 10.529807670203763], [7.402234909211044e-07, 1.0657992688248779e-06], [7.294873761340736e-07, 1.0495774315050939e-06], [7.27684998007503e-07, 1.0462171300654192e-06]], "lastSol": [[0.9400671313748551, 0.1664643772141572, 0.15351277760321314, 0.4197767223392559, 0.9630601427005836, 0.06019189439972816, 0.3155930180292943, 7.0], [0.3426383910975278, 0.9902376219233953, 0.5117337266475359, 0.037041421514215744, 0.7107288473401555, 0.6302213375348863, 0.5024456102207577, 1.0], [0.9745740764858477, 0.5780366324171019, 0.0026730310360082443, 0.03052011651219655, 0.5231953568043819, 0.45823707708792194, 0.7568490931169066, 6.0], [0.2183964812644481, 0.933310067007094, 0.3537465120398552, 0.15015973514414038, 0.29838589798127524, 0.521791799776776, 0.4099129542850092, 8.0], [0.1993004774923447, 0.3120189186096569, 0.8620266028189898, 0.3408719086413323, 0.5935227115843196, 0.5240275501974677, 0.6826421444446367, 9.0], [0.7216272505277674, 0.1442717157096629, 0.6882294730625602, 0.4142233469205102, 0.2813363033624815, 0.8739824317858096, 0.0975260634340932, 4.0], [0.28813923689005805, 0.14415353089501692, 0.7673205243793094, 0.6512718875127086, 0.15323280725260335, 0.3869271972277305, 0.2809335819977772, 5.0], [0.05221447288294634, 0.5261263509657366, 0.7253958916739824, 0.42755946551632396, 0.7530496945263162, 0.8280195313713039, 0.8795055238625962, 5.0], [0.6076274786697042, 0.16454794077974433, 0.990493585326244, 0.9221990684636404, 0.5104808290424658, 0.11944187269194351, 0.31398529030130573, 2.0], [0.8919209228600612, 0.49603228889734485, 0.8946926778477164, 0.5995492267657736, 0.2587656213150141, 0.2741334943483552, 0.7740847247462103, 1.0], [0.07770794392881009, 0.8495815668413257, 0.6091689549691166, 0.8743156388461556, 0.3822269508901176, 0.3291323457229811, 0.9422684489111744, 2.0], [0.05326413669079777, 0.05523439220806581, 0.8263874527953163, 0.6025832582153386, 0.817178351048773, 0.34028892279800316, 0.9220836265593843, 6.0], [0.5, 0.1, 0.1, 0.5, 0.1, 0.1, 0.8, 0.0], [0.10715994202082735, 0.7400272465317981, 0.2191249592124913, 0.2187259897398468, 0.3957328861021867, 0.6658008631108682, 0.969945342096846, 7.0], [0.30738138244349467, 0.4874339223737011, 0.8387529653080004, 0.9168962779065848, 0.8498348976627692, 0.7303037207947595, 0.8136741466996948, 7.0]], "pareto_front": [[0, 1, 2, 3], [4, 5], [6, 7, 8], [9, 10], [11], [12], [13], [14]]}