{"throttle_brake": {"kp": 0.8794037999739467, "ki": 0.8850700709976281, "kd": 0.7798816019120921}, "steering": {"kp": 0.958112889139636, "ki": 0.047165303814809545, "kd": 0.1727452370896917}, "safety_buffer": 0.9125246767943591, "speed_adhere": 10.0, "lastFit": [[5.0425619985757455e-05, 9.50780061265723], [5.0446792402532396e-05, 6.912837679920523], [5.0493483637403176e-05, 0.27318759045923413], [5.031353823947512e-05, 8.403954909262588], [5.040485892062637e-05, 7.348789593952817], [5.043269374177913e-05, 5.208981196996951], [5.041158863034974e-05, 5.377543522523877], [5.043650866477131e-05, 0.28106914217717277], [5.039741801038036e-05, 6.851386358402272], [5.04089705425641e-05, 5.2371361298884525], [5.034108162006844e-05, 3.6350893766525045], [5.0343454920808166e-05, 2.665662541248917], [5.03160161146846e-05, 0.8913146810076077], [7.217950991197509e-07, 1.038268054419143e-06], [7.074949828941205e-07, 1.0189837666672194e-06]], "lastSol": [[0.6378846785986797, 0.5367849556983101, 0.2717025996732144, 0.06213679553780882, 0.286427876581973, 0.30620490785753973, 0.2612818844214416, 5.0], [0.5789033360197393, 0.3236138193993465, 0.29018817266688457, 0.46445633843751466, 0.8938659223364747, 0.3444024456010364, 0.07655475653263255, 4.0], [0.8794037999739467, 0.8850700709976281, 0.7798816019120921, 0.958112889139636, 0.047165303814809545, 0.1727452370896917, 0.9125246767943591, 10.0], [0.1167383089176981, 0.2797822335954824, 0.7106563407656697, 0.05288131728552237, 0.18045988387643908, 0.8455840644727097, 0.8617131679535928, 2.0], [0.4954472836879378, 0.661847203160958, 0.7174857833451785, 0.29506314709708126, 0.4630789895452395, 0.539845367338664, 0.8185552809065672, 5.0], [0.23501071602778556, 0.3617787490266079, 0.6099179394789792, 0.932790848139179, 0.5918235918786295, 0.7594653300042082, 0.5680124095624018, 7.0], [0.49665472229867114, 0.73604560490184, 0.49180798447026497, 0.6545430464005286, 0.9277386628633099, 0.4048396542467253, 0.04598244861013456, 3.0], [0.6420434782367961, 0.8806296765264963, 0.84132998104298, 0.738936350316714, 0.02735833802264087, 0.09981894993355456, 0.8308400562109238, 3.0], [0.9496760407742842, 0.6959381233026379, 0.49412284864961376, 0.35194542125936357, 0.3353991339810938, 0.1525156577078841, 0.6848968774949389, 3.0], [0.7458533672048525, 0.6192601842965412, 0.7806879887212214, 0.4735291570450407, 0.517566023401436, 0.9207265881463613, 0.7306554564618307, 5.0], [0.42956047159651045, 0.6898429999147531, 0.06927121768606082, 0.14376625647411323, 0.22139713574022335, 0.055624757868963814, 0.02343157355032921, 0.0], [0.6594387914945745, 0.385500935063226, 0.5619989469483995, 0.5017911866816803, 0.019664275574477585, 0.5924498007713414, 0.3069222230050178, 1.0], [0.5, 0.1, 0.1, 0.5, 0.1, 0.1, 0.8, 0.0], [0.7145138527980095, 0.2565962822666634, 0.26810387937793434, 0.7234285844353275, 0.010327678765630566, 0.7273421207390636, 0.9461070624587166, 10.0], [0.43534907928357736, 0.9550110069593124, 0.1923156096408225, 0.5946091476885463, 0.8340292767786541, 0.417608615205053, 0.11857390896663145, 5.0]], "pareto_front": [[0, 1, 2], [3, 4, 5, 6, 7], [8, 9], [10, 11], [12], [13], [14]]}