{"throttle_brake": {"kp": 1.3855395689521377, "ki": 0.3598492029584188, "kd": 0.6502308969132655}, "steering": {"kp": 0.5555037495858066, "ki": 0.17587134398619853, "kd": 1.505328582638917}, "safety_buffer": 0.6403622074158775, "speed_adhere": 1.8809566291786748, "Fitness": 5895.19116294681}