{"throttle_brake": {"kp": 0.4596318444643832, "ki": 1.0500960693420773, "kd": 0.7498160111399987}, "steering": {"kp": 0.08125080642809479, "ki": 0.8052905223929963, "kd": 1.4387498196101591}, "safety_buffer": 0.06780166903576312, "speed_adhere": 6.3821171470296765, "lastFit": [[8.480937254414211e-05, 87.0462867690798], [8.481181675647418e-05, 54.61393765363084], [8.481172323626264e-05, 32.268151122474585], [8.480954500903095e-05, 24.62103681669718], [8.480825784406292e-05, 61.62896314487136], [8.48110626098309e-05, 39.88597415605992], [8.480908995800965e-05, 26.138462359917387], [8.480968446729103e-05, 7.151077684924728], [8.480761651455729e-05, 31.27423247821594], [1.0358923308481932e-06, 1.0486984837269596e-06]], "lastSol": [[0.4596318444643832, 1.0500960693420773, 0.7498160111399987, 0.08125080642809479, 0.8052905223929963, 1.4387498196101591, 0.06780166903576312, 6.3821171470296765], [1.157682120542244, 1.0500960693420773, 0.9626956892947589, 0.08125080642809479, 0.8052905223929963, 1.4387498196101591, 0.32546088809097784, 4.521946924190299], [1.539501484614649, 0.4829421615055476, 1.081257742915405, 0.10385682206955082, 1.7540405743024403, 2.1058525597899798, 0.18337747538293014, 4.521946924190299], [1.39652599729032, 0.6534308576836374, 0.7048133434773276, 0.10930082899857085, 0.6261168381713431, 2.3403117451980826, 0.06780166903576312, 6.3821171470296765], [1.079512161525058, 1.3695706444071023, 1.542360530381042, 0.49141921415365286, 0.8000865767309101, 0.9061562131537901, 0.1666002010493569, 4.827941871004629], [1.539501484614649, 0.4829421615055476, 2.554258872362591, 1.6570735491658468, 0.8052905223929963, 1.4387498196101591, 0.06780166903576312, 6.727242662952064], [0.4596318444643832, 3.2602205364775756, 1.7244169758236148, 0.08125080642809479, 1.7540405743024403, 2.5143067550582834, 0.32546088809097784, 3.9583306578756217]], "pareto_front": [[[0, [8.480937254414211e-05, 87.0462867690798]], [1, [8.481181675647418e-05, 54.61393765363084]]], [[2, [8.481172323626264e-05, 32.268151122474585]], [4, [8.480825784406292e-05, 61.62896314487136]], [5, [8.48110626098309e-05, 39.88597415605992]]], [[3, [8.480954500903095e-05, 24.62103681669718]], [6, [8.480908995800965e-05, 26.138462359917387]], [7, [8.480968446729103e-05, 7.151077684924728]], [8, [8.480761651455729e-05, 31.27423247821594]]], [[9, [1.0358923308481932e-06, 1.0486984837269596e-06]]]]}