{"throttle_brake": {"kp": 0.09118854473403704, "ki": 0.1298770893671879, "kd": 0.5805887783470807}, "steering": {"kp": 0.27299417116962466, "ki": 0.48304803625098414, "kd": 0.5272143517667722}, "safety_buffer": 0.10812668605097342, "speed_adhere": 7.468529561742958, "lastFit": [[-0.021599391026889188, -0.004798871571697525], [-0.014973085521011268, -0.007482207701998434], [-0.01786616478924108, -0.005273732698501945], [-0.019848929771901436, -0.018078265193506873], [-975382.7038634847, -0.01758350816024148], [-975249.716741541, -0.021071189102407076], [-0.0958760859380293, -0.015798919455247928], [-976047.9403254475, -0.02039900585793678], [-0.01898207272474179, -0.006952897270565508], [-0.028701489539025467, -0.021311056082246153]], "lastSol": [[0.09118854473403704, 0.1298770893671879, 0.5805887783470807, 0.27299417116962466, 0.48304803625098414, 0.5272143517667722, 0.10812668605097342, 7.468529561742958], [0.19475570710843804, 0.45484419066325055, 0.5805887783470807, 0.27299417116962466, 0.48304803625098414, 0.6397327167559275, 0.44432647447487483, 7.534924031416397], [0.09118854473403704, 0.025693168940306377, 0.29006534234830217, 0.27299417116962466, 0.8205419801987137, 0.4618800982612279, 0.022021882685854588, 8.761215828077765], [0.09118854473403704, 0.047172833786368384, 0.5805887783470807, 0.578134157162794, 0.48304803625098414, 0.5272143517667722, 0.44432647447487483, 7.534924031416397], [0.7025995456095859, 0.9215555130358792, 0.1512523987224439, 0.27299417116962466, 0.8205419801987137, 1.1898346919623743, 0.29384266627950717, 7.291281745743411], [0.16800067298086918, 1.1391513753749247, 0.544465447691806, 0.711483188690508, 0.48304803625098414, 0.5272143517667722, 0.7210773047009148, 7.468529561742958], [0.35334572485451576, 0.7058070036388833, 0.5805887783470807, 0.27299417116962466, 1.3134332569056126, 0.5272143517667722, 0.6921082749830024, 7.468529561742958]], "pareto_front": [[[0, [-0.021599391026889188, -0.004798871571697525]], [1, [-0.014973085521011268, -0.007482207701998434]], [2, [-0.01786616478924108, -0.005273732698501945]]], [[8, [-0.01898207272474179, -0.006952897270565508]]], [[3, [-0.019848929771901436, -0.018078265193506873]], [6, [-0.0958760859380293, -0.015798919455247928]]], [[4, [-975382.7038634847, -0.01758350816024148]], [5, [-975249.716741541, -0.021071189102407076]], [9, [-0.028701489539025467, -0.021311056082246153]]], [[7, [-976047.9403254475, -0.02039900585793678]]]]}