{"throttle_brake": {"kp": 0.5, "ki": 0.1, "kd": 0.1}, "steering": {"kp": 0.5, "ki": 0.1, "kd": 0.1}, "safety_buffer": 0.8, "speed_adhere": 0.0, "lastFit": [[-Infinity, -Infinity], [-Infinity, -Infinity], [-Infinity, -Infinity], [-Infinity, -Infinity], [-Infinity, -Infinity], [-Infinity, -Infinity], [-Infinity, -Infinity], [-Infinity, -Infinity], [-Infinity, -Infinity], [-Infinity, -Infinity], [-Infinity, -Infinity], [-Infinity, -Infinity], [-Infinity, -Infinity], [-Infinity, -Infinity], [-Infinity, -Infinity]], "lastSol": [[0.5, 0.1, 0.1, 0.5, 0.1, 0.1, 0.8, 0.0], [0.4527162944006038, 0.5010507196598489, 0.20187558064769295, 0.22062321488642445, 0.1926168023687107, 0.9518326849359868, 0.6217633592341542, 8.0], [0.6408312698376232, 0.7426574415349889, 0.5352003566604732, 0.3278236357771237, 0.5185721127541338, 0.6607347109385515, 0.4882462459342659, 5.0], [0.6090753631891918, 0.6840234014728559, 0.5172536553526185, 0.5677741995738046, 0.9274173992131921, 0.8295019808599083, 0.34193710253293885, 0.0], [0.15620519062200178, 0.3688740800267232, 0.6508471969700221, 0.6723678511880941, 0.10809633678074348, 0.5153345106972659, 0.06973651459905927, 6.0], [0.48566075434098666, 0.8864271924593422, 0.08739544153159906, 0.2306627370882588, 0.14021480924681018, 0.48424782470416206, 0.49870103748172057, 3.0], [0.760037877585126, 0.9141825948014732, 0.15712975798387585, 0.017406499667975806, 0.14383938355783366, 0.47762294558803986, 0.6350250112301973, 7.0], [0.37243966376016324, 0.32256901939385985, 0.37038574975024297, 0.018962175649804625, 0.7059603224091558, 0.604052463993457, 0.8774645072447291, 2.0], [0.8146987981551477, 0.9797711371092751, 0.7455954314695218, 0.6660631277238702, 0.010482521898825148, 0.9961235422091085, 0.29849257046197364, 3.0], [0.44805384310534035, 0.7809793256214483, 0.5011524987559888, 0.7427763899868843, 0.26068694681822246, 0.7309048039656783, 0.37199317459937664, 1.0], [0.1726643567909949, 0.6344085091055803, 0.5810571770990326, 0.3379470230595788, 0.9912417184294675, 0.9563970150936232, 0.7162650821612635, 0.0], [0.18916411733435612, 0.9859120340076457, 0.5356551469231118, 0.41789740503307315, 0.6473328818210798, 0.24319040874586562, 0.4924156157512932, 1.0], [0.43547114409849186, 0.04186480271698678, 0.5753685065494294, 0.7459132394223207, 0.06504682019274266, 0.8200256485236045, 0.7426810553038828, 4.0], [0.8317804819325733, 0.9531357854587557, 0.7397753663996153, 0.8705531131062904, 0.6960697168925215, 0.9249867698071098, 0.03943223452107636, 5.0], [0.305294126418309, 0.07064748370004637, 0.5406451194301191, 0.8235557093784978, 0.3381078522667029, 0.43497839692300566, 0.7411194224966311, 9.0]], "pareto_front": [[0, 1, 2, 3, 4, 5, 6, 7, 8, 9, 10, 11, 12, 13, 14]]}