{"throttle_brake": {"kp": 0.509922574832069, "ki": 0.7424285849566292, "kd": 0.5810939178865423}, "steering": {"kp": 0.8866250563468735, "ki": 0.43472113352836894, "kd": 0.41312875246491976}, "safety_buffer": 0.3493718828663428, "speed_set": {"s1": 1.0, "s2": 10.0, "s3": 6.0, "s4": 5.0, "s5": 5.0, "s6": 4.0, "s7": 4.0, "s8": 5.0}, "fitness_values": {"Position_Error": -602.3138378163226, "Velocity_Error": -3182.806122542199}, "pareto_front": [[[0, [-1372.4421161568944, -2905.0103036826467, 8.0]], [1, [-515.2330532040694, -4465.903577727881, 8.0]]], [[6, [-578.1884818583785, -5888.801824934792, 8.0]]], [[7, [-21315.343776830425, -23427.634714113166, 3.0]], [8, [-12605.479937120486, -12952.908579602528, 2.0]]], [[2, [-24639.11489305321, -43490.66478418149, 3.0]], [3, [-20683.371634625713, -20751.832311076632, 2.0]]], [[9, [-21132.764246362887, -21838.4028384693, 2.0]]], [[4, [-21524.54601125656, -22311.513000838695, 2.0]]], [[5, [-23422.361049027393, -23217.961002253887, 2.0]]]]}