{"throttle_brake": {"kp": 0.8512309748540224, "ki": 0.10843927031550005, "kd": 0.20010498410051114}, "steering": {"kp": 0.3557918800253588, "ki": 0.6355212513428979, "kd": 0.9671857290897347}, "safety_buffer": 0.1408949334571885, "speed_adhere": 9.0, "lastFit": [[1.4249741848876867e-05, 51.984335838135685], [1.4246963477399912e-05, 39.21615360239054], [1.423912374935176e-05, 45.908264581001745], [1.4248792497151245e-05, 18.910547477460817], [1.423246623578399e-05, 38.0777332890005], [1.4234244354347404e-05, 23.46524120049936], [1.4230344942459803e-05, 39.326410538575935], [1.4235982090582277e-05, 22.908886769587838], [1.423250319569501e-05, 27.333831125827068], [1.4244465580063327e-05, 15.421424150240993], [1.4229844210805171e-05, 23.786708539447105], [1.4234887200094825e-05, 15.204203189014047], [7.177439065910431e-07, 1.0749458120676536e-06], [7.11919385346292e-07, 1.0657995034943924e-06], [6.991036705835705e-07, 1.0436022912459e-06]], "lastSol": [[0.8512309748540224, 0.10843927031550005, 0.20010498410051114, 0.3557918800253588, 0.6355212513428979, 0.9671857290897347, 0.1408949334571885, 9.0], [0.3820116976415636, 0.18899472288022368, 0.7634722312324713, 0.22211921530428147, 0.5733784888032305, 0.48616359903161965, 0.263755897479767, 9.0], [0.7435348522234022, 0.40268545159127533, 0.8950222731636182, 0.22600114790177772, 0.7005080059644211, 0.4368294618542844, 0.5775840194985715, 3.0], [0.9742848707954568, 0.955290788408077, 0.06817239903839578, 0.8854097452095048, 0.5189429542214384, 0.03975763131182142, 0.7289423165759046, 4.0], [0.043587058514966914, 0.5255850032782728, 0.07776374698373223, 0.44364006603148953, 0.3426012672458243, 0.9338758642179686, 0.4141912572793637, 5.0], [0.29879447834927253, 0.9037345718761128, 0.5699554884554108, 0.02281596320438095, 0.5437440181087416, 0.8132818333350051, 0.9376220358019205, 2.0], [0.20499215645018398, 0.27843129244114007, 0.7119366392830796, 0.41829801796844124, 0.6190604647207376, 0.4099964043972504, 0.16394387070829486, 2.0], [0.3368000448157151, 0.12227682319558952, 0.23760927967947398, 0.7304482785734958, 0.5880226000033947, 0.11918916961494497, 0.32133817032102385, 1.0], [0.648065531144179, 0.998771822778996, 0.3544051566925458, 0.25140503706836526, 0.7662482755886063, 0.02405287889868757, 0.906968562862589, 1.0], [0.4275139867065155, 0.6785877098118396, 0.5124455083028031, 0.9690584800902271, 0.1569019594323079, 0.6481098492730788, 0.017402133155763777, 5.0], [0.7177964086156142, 0.37519612699204596, 0.5711841147939004, 0.3708001477988434, 0.6090851228393567, 0.5843591704556577, 0.12252606392564558, 0.0], [0.040669597903990606, 0.34799652434377504, 0.564013700165127, 0.921519589949612, 0.8740204637772634, 0.29468273489559393, 0.7856047830881644, 7.0], [0.5425270777173832, 0.031492352572393356, 0.3115982581789939, 0.17947373949052614, 0.937362224881046, 0.4839417190985167, 0.8999256038725266, 10.0], [0.5, 0.1, 0.1, 0.5, 0.1, 0.1, 0.8, 0.0], [0.7618877592668303, 0.43620237110288607, 0.9288974062915512, 0.6919811500835404, 0.749435955493872, 0.6219322784582708, 0.9788005616791855, 7.0]], "pareto_front": [[0], [1, 2, 3], [4, 5, 6, 7, 8, 9], [10, 11], [12], [13], [14]]}