{"throttle_brake": {"kp": 0.5605676306331968, "ki": 0.5985345826621791, "kd": 0.07800531535548405}, "steering": {"kp": 0.8811871884665067, "ki": 0.5624745612168974, "kd": 0.01084160504088072}, "safety_buffer": 0.5247637583847602, "speed_adhere": 2.0, "lastFit": [[1.4220389632628398e-05, 33.008824468164676], [1.423315902735753e-05, 17.896110021745145], [1.4231024814410023e-05, 18.481776927850603], [1.4232692413067716e-05, 17.977014399855214], [1.4227938097450584e-05, 16.248636995726592], [1.4224027676253426e-05, 16.790518004504833], [1.4230544292649605e-05, 15.527134122646485], [1.4229827707087876e-05, 16.02270929449486], [1.423109930219729e-05, 15.047653144163117], [1.4230239864982802e-05, 15.438505849910198], [1.4229644643097889e-05, 6.705576041270581], [1.4227245855611187e-05, 10.917136788690202], [1.4228095395554035e-05, 2.4401036423248326], [1.4227319803057938e-05, 0.8697164439414532], [6.867172326273662e-07, 1.0246795402056437e-06]], "lastSol": [[0.06484068801630527, 0.797903931812913, 0.7441838004394226, 0.049696915247564255, 0.8455755329807862, 0.3253457479941124, 0.39760910668557126, 9.0], [0.5605676306331968, 0.5985345826621791, 0.07800531535548405, 0.8811871884665067, 0.5624745612168974, 0.01084160504088072, 0.5247637583847602, 2.0], [0.32456096213606567, 0.19127545410135705, 0.006531859738186929, 0.5836571038429215, 0.3989025981272025, 0.8525279321735956, 0.9546166051103891, 0.0], [0.7765379907299935, 0.08887297824663798, 0.2258964761927531, 0.8002036332153838, 0.40800158851121004, 0.8637650942129583, 0.6686966405358539, 1.0], [0.41005637149510166, 0.8239729485175392, 0.9155921635291451, 0.684595961155739, 0.6500980500487146, 0.23058821238330574, 0.7656702791546827, 9.0], [0.14385809184304887, 0.03899327485942827, 0.27506974002138485, 0.5677452784445196, 0.7172433953958491, 0.17421450298631658, 0.06674985286615598, 10.0], [0.28165422219207004, 0.7467271770248323, 0.5236701629900271, 0.49126595495936376, 0.9819501050055511, 0.932389702141896, 0.7428577452090761, 3.0], [0.2891871077605439, 0.49763010022480914, 0.11395439484394276, 0.1644685053376581, 0.15000332383373538, 0.7493333611762603, 0.8873215871753121, 9.0], [0.781965768796985, 0.5571382756692279, 0.8707499908382903, 0.5918330862236644, 0.7937762491631288, 0.37953054068595304, 0.6723002478028156, 8.0], [0.6085168097339972, 0.4282224238547703, 0.8792230371444074, 0.872988024247851, 0.22011566617587108, 0.8016841670108813, 0.034202134098129444, 0.0], [0.5296828564239218, 0.5874079923428082, 0.6307074925383395, 0.249775788364358, 0.16727422688823812, 0.3637842196465848, 0.3613858442284995, 3.0], [0.0915603426646866, 0.6340654476920867, 0.8731184388948257, 0.9620748553721565, 0.771692568140002, 0.4530994203682168, 0.9396685368998864, 8.0], [0.4561474752700627, 0.8675739471616987, 0.20744855701448728, 0.2319938263497756, 0.04913192495608576, 0.4848739280437002, 0.8975121766114744, 0.0], [0.5, 0.1, 0.1, 0.5, 0.1, 0.1, 0.8, 0.0], [0.7928692678276469, 0.8877116371420777, 0.7652665665618767, 0.9137963227015051, 0.6419440422944397, 0.112057223065541, 0.5209251337740495, 5.0]], "pareto_front": [[0, 1, 2, 3], [4, 5, 6, 7, 8], [9], [10, 11], [12], [13], [14]]}