{"throttle_brake": {"kp": 0.7514348370633406, "ki": 0.0846782869787891, "kd": 0.03972946108153541}, "steering": {"kp": 0.7847044002255646, "ki": 0.9598550978883094, "kd": 0.8310498108498298}, "safety_buffer": 0.06503409861828291, "speed_adhere": 6.0, "lastFit": [[5.2693192270144906e-05, 43.185998930598096], [5.270062632674958e-05, 27.983581657140014], [5.270881922746466e-05, 9.89580278581564], [5.2703440707560404e-05, 26.626219271217092], [5.2729123062769525e-05, 9.513102424380756], [5.268963834478751e-05, 31.58006577112446], [5.269890906144397e-05, 22.61501689758132], [5.270022003533684e-05, 4.214743543512971], [5.268896318321625e-05, 17.031094921311503], [5.266336989235733e-05, 17.223710801805975], [5.268268150780724e-05, 2.1861685288620105], [5.268109270023383e-05, 14.613795094518055], [5.266567033728555e-05, 11.588442526080351], [7.204731304578314e-07, 1.0358353264344012e-06], [7.142559748260128e-07, 1.0276215894931246e-06]], "lastSol": [[0.5172979627805284, 0.47998483986296214, 0.6630883013820849, 0.017372439863946654, 0.7921606242923587, 0.8947224993741847, 0.6409979484192413, 8.0], [0.8717105357041004, 0.33832069217150207, 0.16054975783411063, 0.08527479434588436, 0.5380666214955859, 0.950501406778507, 0.8122746342922308, 7.0], [0.22736920132303862, 0.6126237878970295, 0.024334623877480865, 0.783492010523204, 0.2809872191409909, 0.2047863244453214, 0.5810550030028265, 10.0], [0.09110377207719811, 0.6946698451300481, 0.3456114112570642, 0.4340004713455321, 0.5481382505888118, 0.9465016845584382, 0.016939719898605654, 6.0], [0.7514348370633406, 0.0846782869787891, 0.03972946108153541, 0.7847044002255646, 0.9598550978883094, 0.8310498108498298, 0.06503409861828291, 6.0], [0.4646568843593628, 0.46945836016522946, 0.9058581124258233, 0.1073373619311957, 0.9766511435871587, 0.33407530426223564, 0.546446723506429, 9.0], [0.4555472561323296, 0.16433639090709773, 0.16571856955399267, 0.20157601007203763, 0.8401823246426267, 0.01309563575606909, 0.6775286148646316, 7.0], [0.46575270515270895, 0.5143206001633656, 0.7109429554357817, 0.4119331138990334, 0.07691358062456088, 0.4745639838283925, 0.8297436882002444, 3.0], [0.2935704505933724, 0.1005104095047864, 0.355698363478567, 0.5383654557177352, 0.3983005805018549, 0.8027197904176918, 0.7000277075421606, 9.0], [0.024029790389295758, 0.43756231282888347, 0.09134661036521385, 0.22389540181792722, 0.906933071465966, 0.4326815896669568, 0.39266701544577753, 5.0], [0.7728904160383505, 0.07277688054072662, 0.6722623910227252, 0.5941316249220986, 0.012035620042249784, 0.5508958545782582, 0.3354761301370408, 7.0], [0.2051436327431866, 0.14379748253867364, 0.7085758810404951, 0.5570970783115484, 0.9845968433283717, 0.07471645323221976, 0.6703784096813893, 2.0], [0.11287487014911168, 0.5132084769176871, 0.8935326185838617, 0.5696493472371391, 0.23583535945308687, 0.3394309818692183, 0.2884564794502569, 4.0], [0.5, 0.1, 0.1, 0.5, 0.1, 0.1, 0.8, 0.0], [0.39836031118867987, 0.2484706947814208, 0.9699253698016272, 0.6762475715916063, 0.7115341843815662, 0.300889565607813, 0.8271475434956858, 10.0]], "pareto_front": [[0, 1, 2, 3, 4], [5, 6, 7], [8, 9], [10, 11], [12], [13], [14]]}