{"throttle_brake": {"kp": 0.5707430911677995, "ki": 1.010869373484852, "kd": 0.5254677188664636}, "steering": {"kp": 0.07143141804987074, "ki": 0.9139954130304337, "kd": 0.24426998261942123}, "safety_buffer": 0.2828426781811014, "speed_adhere": 6.2237382403176795, "lastFit": [[-0.008983127250251109, -0.013019393787354972], [-959687.5557715532, -0.023138961580023435], [-0.029678615393634755, -0.016447401575973793], [-0.03870263387287907, -0.0235734807802611], [-0.016907346131518376, -0.017494464166880237], [-973520.5469998969, -0.03836284518291322], [-0.04507127690532444, -0.030634634916507083], [-0.02153537189395588, -0.048689637193797104], [-0.01682362779923606, -0.015316401716339207], [-972588.8774349287, -0.013072402991603447]], "lastSol": [[0.5707430911677995, 1.010869373484852, 0.5254677188664636, 0.07143141804987074, 0.9139954130304337, 0.24426998261942123, 0.2828426781811014, 6.2237382403176795], [0.5707430911677995, 1.010869373484852, 0.5254677188664636, 0.6432231115430149, 0.9139954130304337, 0.3323189529161332, 0.2828426781811014, 6.2237382403176795], [0.7652798987357912, 0.5597793512004059, 0.4726658270644355, 0.3427899573702795, 0.5953635894279921, 0.24426998261942123, 0.9800157069697294, 5.458057935567094], [0.6215923531929461, 0.5597793512004059, 0.4726658270644355, 0.8836563898199192, 0.9139954130304337, 0.81859705877254, 0.2828426781811014, 6.2237382403176795], [0.780808893273299, 1.1135070982843531, 0.7207110302567312, 0.563284448253746, 0.43225259206687006, 0.7020703630472678, 0.36451802539194145, 6.217203144577509], [0.5707430911677995, 0.5597793512004059, 0.4726658270644355, 0.49550100437523326, 0.9139954130304337, 0.81859705877254, 1.4192493539809936, 6.2237382403176795], [0.44313643153963866, 1.6910456467157728, 0.7592015760046931, 0.07143141804987074, 2.441467771039215, 0.24426998261942123, 0.2828426781811014, 6.2237382403176795]], "pareto_front": [[[0, [-0.008983127250251109, -0.013019393787354972]]], [[8, [-0.01682362779923606, -0.015316401716339207]], [9, [-972588.8774349287, -0.013072402991603447]]], [[2, [-0.029678615393634755, -0.016447401575973793]], [4, [-0.016907346131518376, -0.017494464166880237]]], [[1, [-959687.5557715532, -0.023138961580023435]], [3, [-0.03870263387287907, -0.0235734807802611]], [7, [-0.02153537189395588, -0.048689637193797104]]], [[6, [-0.04507127690532444, -0.030634634916507083]]], [[5, [-973520.5469998969, -0.03836284518291322]]]]}