{"throttle_brake": {"kp": 0.8456550891510717, "ki": 0.26581107498407286, "kd": 0.9743112217505921}, "steering": {"kp": 0.2735850296422412, "ki": 0.45511210037193606, "kd": 0.08747718000412097}, "safety_buffer": 0.5929834907320955, "speed_set": {"s1": 5.0, "s2": 8.0, "s3": 1.0, "s4": 5.0, "s5": 6.0, "s6": 4.0, "s7": 0.0, "s8": 2.0}, "fitness_values": {"Position_Error": -914.9082155743646, "Velocity_Error": -28091.084154247746}, "pareto_front": [[[0, [-11061.874108961845, -11098.995826268821, 2.0]], [3, [-826.2934891972452, -13715.448124922063, 8.0]]], [[1, [-937.4362456738912, -42430.333874723336, 8.0]], [8, [-20950.738152511218, -20592.192118975254, 2.0]]], [[5, [-21245.89462131506, -21197.176911651586, 2.0]], [7, [-19715.96546933603, -46748.4212118018, 2.0]]], [[4, [-21249.470139245645, -21253.371541887518, 2.0]]], [[9, [-21588.4264870626, -21670.50482787485, 2.0]]], [[2, [-23609.1010720428, -46974.06726384385, 1.0]], [6, [-24050.705884830117, -25183.366268722308, 2.0]]]]}
