{"throttle_brake": {"kp": 0.05058116752343822, "ki": 0.28768258828927074, "kd": 0.008607814470110053}, "steering": {"kp": 0.11678733114168582, "ki": 0.24819133506430824, "kd": 0.11870448142884138}, "safety_buffer": 0.12310642641694458, "speed_adhere": 1.0194443110131532, "lastFit": [[-0.17259653340483222, -0.0009493899311772114], [-0.17384354039728714, -0.0017054000869390308], [-0.10956252163794084, -0.014188048919996109], [-0.15999287672420484, -0.004861574674108657], [-0.08253079022372221, -0.0064729354257436], [-0.12966944447098114, -0.0022001248856367717], [-0.10171618882525718, -0.014597354498797769], [-0.16814407450485927, -0.005429345810260151], [-0.22079997047553, -0.01575942957771367], [-0.13911050013397908, -0.02659358146418493]], "lastSol": [[0.05058116752343822, 0.28768258828927074, 0.008607814470110053, 0.11678733114168582, 0.24819133506430824, 0.11870448142884138, 0.12310642641694458, 1.0194443110131532], [0.23506869439369815, 0.12069703163181222, 0.4201569936673759, 0.11678733114168582, 0.5504475762447939, 0.48821177106805425, 0.7023158641053555, 2.0666612752735163], [0.05058116752343822, 0.06520806361316434, 0.40393350862000355, 0.28718498109697355, 0.2516420677145127, 0.25878007400952585, 0.2393451093241621, 2.4852997682455], [0.05058116752343822, 0.28768258828927074, 0.26868132351026786, 0.11678733114168582, 0.24819133506430824, 0.11870448142884138, 0.30698805228255543, 1.6188051452790029], [0.7096480270871279, 1.0702831966916189, 0.008607814470110053, 0.9241990208077071, 0.24819133506430824, 0.507475403317351, 0.12310642641694458, 2.0666612752735163], [0.05058116752343822, 0.28768258828927074, 0.20865962713920094, 0.4494929501418916, 0.5504475762447939, 0.48821177106805425, 0.31633714432639404, 1.9205210226381977], [0.8655548142491685, 0.28768258828927074, 0.4262632930755441, 0.11678733114168582, 1.3386475494402874, 0.011762884125821493, 0.31633714432639404, 0.2735730878331426]], "pareto_front": [[[0, [-0.17259653340483222, -0.0009493899311772114]], [4, [-0.08253079022372221, -0.0064729354257436]], [5, [-0.12966944447098114, -0.0022001248856367717]]], [[1, [-0.17384354039728714, -0.0017054000869390308]], [2, [-0.10956252163794084, -0.014188048919996109]], [3, [-0.15999287672420484, -0.004861574674108657]], [6, [-0.10171618882525718, -0.014597354498797769]]], [[7, [-0.16814407450485927, -0.005429345810260151]], [9, [-0.13911050013397908, -0.02659358146418493]]], [[8, [-0.22079997047553, -0.01575942957771367]]]]}
