{"throttle_brake": {"kp": 0.07477537996860595, "ki": 0.13136173316061228, "kd": 0.4154634558857243}, "steering": {"kp": 1.1063416534446693, "ki": 0.48371805128243583, "kd": 1.7703203755671957}, "safety_buffer": 1.7397502091766137, "speed_set": {"s1": 0.0, "s2": 8.0, "s3": 12.0, "s4": 10.0, "s5": 4.0, "s6": 8.0, "s7": 10.0, "s8": 20.0}, "fitness_values": {"Position_Error": -21403.134617932203, "Velocity_Error": -42434.47951847243, "Regularization": -0.039070985876632644}, "pareto_front": [[[0, [-21403.134617932203, -42434.47951847243, -0.039070985876632644]], [2, [-26341.898577991775, -21982.056182168963, -0.3370178559427967]], [4, [-2485.856507894654, -125810.38120635052, -0.18564056830701234]], [6, [-21334.140689638763, -22959.984751885117, -0.1248616942767581]], [8, [-20701.69276326756, -22196.880492849905, -0.19839164160813205]], [9, [-2928.6972378157843, -85597.4860571457, -0.20445516088460433]]], [[1, [-22035.47024288712, -42937.299014942044, -0.12214847836348375]], [3, [-22451.784043816344, -26404.96200002554, -0.17029705672358028]], [7, [-21387.485662466846, -27300.113047071605, -0.1611748862999896]]], [[5, [-30000.0, -30000.0, -0.19612811577612183]]]]}