{"throttle_brake": {"kp": 0.07909814810369964, "ki": 0.5422008812049861, "kd": 0.1129885788994549}, "steering": {"kp": 0.040939754529052186, "ki": 0.5004247050022732, "kd": 0.24876293846884656}, "safety_buffer": 0.32052433965229166, "speed_set": {"s1": 2.1375993427159736, "s2": 3.8971627851412984, "s3": 1.8573978725779305, "s4": 3.5713725829121894, "s5": 3.3401167581623787, "s6": 2.4066116645572526, "s7": 1.2030040533142294, "s8": -0.0330003298482644}, "lastFit": [[-0.22961343268294196, -0.0036486226615866034], [-0.229286854813955, -0.014947429090776173], [-0.3431931757663268, -0.0200567083335697], [-0.23700800114885967, -0.025627073719346333], [-0.24648993612662043, -0.020274664122382973], [-0.23076312837444712, -0.050899043316214324], [-0.38564800181033265, -0.033007697733903794], [-0.22825180607549306, -0.012033102919987477], [-0.21504088338602456, -0.024476813701295574], [-0.23321970870244024, -0.01927322956994581]], "lastSol": [[0.07909814810369964, 0.5422008812049861, 0.1129885788994549, 0.040939754529052186, 0.5004247050022732, 0.24876293846884656, 0.32052433965229166, 2.1375993427159736, 3.8971627851412984, 1.8573978725779305, 3.5713725829121894, 3.3401167581623787, 2.4066116645572526, 1.2030040533142294, -0.0330003298482644], [0.07909814810369964, 0.5422008812049861, 0.1129885788994549, 0.040939754529052186, 0.5004247050022732, 1.1421630977111201, 0.7327880742563335, 2.1375993427159736, 3.8971627851412984, 1.8573978725779305, 3.578561626784493, 3.3401167581623787, 1.9516986415037596, 1.2030040533142294, -0.5351633750646079], [0.40700246263941264, 0.5422008812049861, 0.45084740240895327, 0.040939754529052186, 0.5004247050022732, 0.6240815549777534, 1.89496380537604, 1.414551832919946, 3.8971627851412984, 1.1290759367217802, 3.5713725829121894, 3.3401167581623787, 2.6451575591132066, 1.3465457886473615, -0.0330003298482644], [0.07909814810369964, 0.5422008812049861, 0.1129885788994549, 0.040939754529052186, 1.1648547804245037, 1.1023531699470739, 0.32052433965229166, 2.1375993427159736, 3.8971627851412984, 1.8573978725779305, 3.130253477494067, 2.8986950128267615, 2.9340505724862487, 1.2030040533142294, 0.3278176547746774], [1.9672836310400508, 1.8455819441882633, 0.5094953816052341, 0.09718666346045834, 0.7805621495893129, 1.0759629900918322, 0.931357422647463, 2.3262219303017613, 3.920098585496217, 0.016640700844376966, 3.900129632721197, 2.613776374527596, 2.5158932356552737, 2.044819912808701, -2.695003923844973], [0.07909814810369964, 0.8010910789832477, 0.970330514471875, 0.2018974251389838, 0.5004247050022732, 0.17769303957773586, 1.3936781912784568, 1.3941372791051732, 3.7533472144130022, 2.7430829115848985, 3.726047712372867, 1.3620857518989187, 2.331724232888647, 1.2030040533142294, -0.0330003298482644]], "pareto_front": [[[0, [-0.22961343268294196, -0.0036486226615866034]], [7, [-0.22825180607549306, -0.012033102919987477]], [8, [-0.21504088338602456, -0.024476813701295574]]], [[1, [-0.229286854813955, -0.014947429090776173]]], [[5, [-0.23076312837444712, -0.050899043316214324]], [9, [-0.23321970870244024, -0.01927322956994581]]], [[2, [-0.3431931757663268, -0.0200567083335697]], [3, [-0.23700800114885967, -0.025627073719346333]], [4, [-0.24648993612662043, -0.020274664122382973]]], [[6, [-0.38564800181033265, -0.033007697733903794]]]]}