{"throttle_brake": {"kp": 0.21513552860240703, "ki": 0.4261842515058596, "kd": 0.08202201157717792}, "steering": {"kp": 0.15025186573306715, "ki": 0.20588406353857847, "kd": 0.07902659277484836}, "safety_buffer": 0.2380238803754806, "speed_adhere": 1.4266228129038883, "lastFit": [[-0.4696288312651718, -0.0018125418152592078], [-0.3167366960060909, -0.005561420529535168], [-0.21509493382807518, -0.0064669515936280906], [-965403.9912199847, -0.015964274931065173], [-0.79915347817628, -0.021410926312146143], [-0.39055462696498144, -0.011171933311716056], [-0.422628621875433, -0.011747594707675318], [-0.468093737168885, -0.00406421241507215], [-0.3627288301447444, -0.019659429718129933], [-0.3145674058030332, -0.014115765638234246]], "lastSol": [[0.21513552860240703, 0.4261842515058596, 0.08202201157717792, 0.15025186573306715, 0.20588406353857847, 0.07902659277484836, 0.2380238803754806, 1.4266228129038883], [0.21513552860240703, 0.4261842515058596, 0.08202201157717792, 0.15025186573306715, 0.47301608448345933, 0.7762594844100783, 0.16953335115041135, -1.5038823356847049], [0.7265301299476572, 0.4261842515058596, 0.1269792496348887, 0.15025186573306715, 0.47301608448345933, 0.07902659277484836, 0.5614467928775415, 1.3751488345679272], [0.7047108737841539, 0.4261842515058596, 0.08202201157717792, 0.15025186573306715, 0.20588406353857847, 0.07902659277484836, 0.2380238803754806, 0.8855062661674589], [0.20620065072721583, 0.4261842515058596, 0.08202201157717792, 0.2858466069431864, 0.5567109013258603, 0.7442252491866099, 1.0285916563365907, -0.46120797105484357], [0.7265301299476572, 1.229048171307732, 0.33719085083229183, 0.15025186573306715, 0.7487396581468752, 0.1766577317244744, 0.2380238803754806, 1.3751488345679272], [0.6967707982395517, 0.8567579850041458, 0.08202201157717792, 0.15025186573306715, 1.018720446370485, 0.07902659277484836, 0.2380238803754806, 0.4408155839493064]], "pareto_front": [[[0, [-0.4696288312651718, -0.0018125418152592078]], [1, [-0.3167366960060909, -0.005561420529535168]], [2, [-0.21509493382807518, -0.0064669515936280906]], [7, [-0.468093737168885, -0.00406421241507215]]], [[5, [-0.39055462696498144, -0.011171933311716056]], [9, [-0.3145674058030332, -0.014115765638234246]]], [[6, [-0.422628621875433, -0.011747594707675318]], [8, [-0.3627288301447444, -0.019659429718129933]]], [[3, [-965403.9912199847, -0.015964274931065173]], [4, [-0.79915347817628, -0.021410926312146143]]]]}