{"throttle_brake": {"kp": 0.019569177236275714, "ki": 0.6177113998814103, "kd": 0.7674453294275007}, "steering": {"kp": 0.11404089027680742, "ki": 0.5742662500956515, "kd": 0.7543859639918469}, "safety_buffer": 0.46595266563901827, "speed_set": {"s1": 4.0, "s2": 1.0, "s3": 1.0, "s4": 9.0, "s5": 3.0, "s6": 6.0, "s7": 3.0, "s8": 7.0}, "fitness_values": {"Position_Error": -928.5385939531513, "Velocity_Error": -37262.676521886155}, "pareto_front": [[[0, [-1191.8069635925215, -11193.296672196962, 8.0]]], [[1, [-21054.773840758262, -26222.981787188353, 4.0]], [3, [-20500.301799674562, -22180.910810593097, 1.0]], [5, [-3743.044020871936, -158865.81462374757, 8.0]], [6, [-21090.069976381743, -20973.738585761104, 2.0]], [9, [-20859.487197612885, -32298.83095439276, 4.0]]], [[2, [-12221.020233129835, -1309023.6425639153, 4.0]], [7, [-41054.91114156974, -191875.83252074165, 3.0]], [8, [-21100.574581000597, -21255.17039060965, 2.0]]], [[4, [-23367.78301576726, -25544.54326677336, 2.0]]]]}