{"throttle_brake": {"kp": 0.9819717791005412, "ki": 0.4676640136167475, "kd": 0.5033918418803114}, "steering": {"kp": 0.7289947531117946, "ki": 0.7887951507983124, "kd": 0.6617135528843666}, "safety_buffer": 0.22313999835986986, "speed_adhere": 5.0, "lastFit": [[5.03124944733e-05, 7.636965371430694], [5.033211616571942e-05, 6.242208209204903], [5.036728018386187e-05, 3.6755406438603506], [5.0335043174318014e-05, 5.2244425173149205], [3.177105865864585e-05, 9.772456922150543], [5.0286997220298463e-05, 6.90573082116727], [5.036543683848422e-05, 3.264372395505622], [5.0354186581156544e-05, 3.287080753637559], [5.034463031378795e-05, 3.392167212644824], [5.0330912312280206e-05, 4.990590259006612], [5.036143112231185e-05, 2.9400814020010055], [5.019318270540287e-05, 4.593307061551193], [7.575710509064875e-07, 1.0946703793800045e-06], [7.12202595097777e-07, 1.0264987595825324e-06], [7.118609001770458e-07, 1.02523859432611e-06]], "lastSol": [[0.35374707372679426, 0.08296171629731464, 0.41022073526765457, 0.08308406214527964, 0.5219263437683662, 0.2617207166427391, 0.5046647270999578, 7.0], [0.7284472993314455, 0.8438075528756886, 0.26817686432269694, 0.14425141014643472, 0.2479224206339835, 0.6756496923327017, 0.9721693445056367, 0.0], [0.9819717791005412, 0.4676640136167475, 0.5033918418803114, 0.7289947531117946, 0.7887951507983124, 0.6617135528843666, 0.22313999835986986, 5.0], [0.23541371195462868, 0.9493267468614686, 0.011705127933446025, 0.45702632850271163, 0.2962258209794797, 0.2138795072067038, 0.6606078164375044, 5.0], [0.010457106392545157, 0.2031312360485027, 0.9047399521353382, 0.81773995548511, 0.8533234549574954, 0.1821681945691186, 0.6116777556911849, 5.0], [0.10781855316461642, 0.17393853137306015, 0.4936560027108652, 0.12988521372996953, 0.19123919926319632, 0.8315375220629762, 0.8649063575432254, 1.0], [0.7896182128159241, 0.8590119139551083, 0.5015680233850053, 0.9967067681975075, 0.7774518312699087, 0.2016135254961977, 0.10429443353193257, 3.0], [0.4020133608950269, 0.9674541504046434, 0.7165028991229431, 0.9867835073453356, 0.7871126681248012, 0.20740488676004298, 0.24383263701256264, 3.0], [0.7363885019359921, 0.49471592238823436, 0.08366528075747703, 0.5844411907519641, 0.9376298675978106, 0.6506515767368186, 0.7913688251229801, 7.0], [0.30597874611917464, 0.6676221219212994, 0.09418915013310458, 0.2874131077772931, 0.5386260888717618, 0.7963779145702167, 0.7846626785306023, 10.0], [0.3616597429701591, 0.9583488305136532, 0.15831658400190995, 0.875444135003612, 0.05797745240246077, 0.5203436051301332, 0.5281722633912633, 9.0], [0.01319401772577955, 0.26226060564866704, 0.016190662110265874, 0.09677359756757575, 0.35187055795046085, 0.09799575302945762, 0.7597043355604179, 0.0], [0.10037301788524988, 0.24932041522785553, 0.8724897075507775, 0.3034335406773613, 0.010177643282620163, 0.12004066223841503, 0.4226744986891856, 9.0], [0.6047393844844756, 0.6697670073106607, 0.3427809228873684, 0.8831325247865375, 0.6889201012341449, 0.6292138840390377, 0.9734096020888249, 8.0], [0.5, 0.1, 0.1, 0.5, 0.1, 0.1, 0.8, 0.0]], "pareto_front": [[0, 1, 2, 3, 4], [5, 6, 7, 8, 9], [10, 11], [12], [13], [14]]}