{"throttle_brake": {"kp": 0.411970933938147, "ki": 1.0398935243476282, "kd": 0.32661327621053793}, "steering": {"kp": 0.4002563492147786, "ki": 0.03243677587968885, "kd": 0.9536205794573227}, "safety_buffer": 0.4511549452144288, "speed_set": {"s1": 11.818213316228912, "s2": 2.327867200959055, "s3": 4.704011142071121, "s4": -1.531979671389134, "s5": 7.852097351199998, "s6": 11.548112720034641, "s7": 9.222375546452023, "s8": 1.0701246458545495}, "lastFit": [[-132602195.67903896, -0.01684649273577052], [-169104470.8557289, -0.028061044789107023], [-143900402.32634234, -0.014160232375313716], [-145916482.3460557, -0.025602047588830175], [-158863112.71489975, -0.021508330986520368], [-135015817.71202052, -0.022260250771789527], [-138865205.39452097, -0.01938387159491982], [-133564819.10570844, -0.02179940627286384], [-140408832.27741, -0.013159825541295737], [-154133377.2351736, -0.018107455158017566]], "lastSol": [[0.411970933938147, 1.0815423753137814, 0.039761785668645966, 0.4002563492147786, 0.4913046037235609, 1.029986200488673, 0.7522012068731996, 11.654353021458212, 0.714082884170091, 6.064910154384754, -0.6615449362341199, 8.797837057561688, 10.599487416975176, 9.222375546452023, 1.9002375274146992], [0.411970933938147, 1.0398935243476282, 0.32661327621053793, 0.4002563492147786, 0.03243677587968885, 0.9536205794573227, 0.4511549452144288, 11.818213316228912, 2.327867200959055, 4.704011142071121, -1.531979671389134, 7.852097351199998, 11.548112720034641, 9.222375546452023, 1.0701246458545495], [0.411970933938147, 1.0398935243476282, 0.6480953787839566, 0.9269891541398159, 0.03243677587968885, 0.3114778350988523, 0.4511549452144288, 11.324511311877128, 2.330716897456471, 4.990229307816307, -0.9159496633100135, 7.852097351199998, 11.548112720034641, 9.870984627656096, 1.0701246458545495], [0.28236239392213225, 1.0815423753137814, 0.039761785668645966, 1.1398442164901597, 0.009311568191264774, 1.029986200488673, 0.5152938694747404, 11.654353021458212, 0.7187314035251224, 6.7852232349474235, -0.6615449362341199, 8.797837057561688, 10.599487416975176, 9.222375546452023, 1.9002375274146992], [0.4245893892703394, 1.0815423753137814, 0.039761785668645966, 0.4002563492147786, 1.2404965616118415, 0.8479718751830301, 0.7682428199039049, 11.294249912376388, 0.714082884170091, 5.489593981942182, -0.25575208870962896, 6.810432389074407, 10.952765983940331, 8.77361675556833, 0.2795063630117811], [1.0705938013985428, 0.2249102929165987, 0.32661327621053793, 1.233407319336326, 0.09783960104354117, 0.6626649938564413, 0.5899728594996396, 10.974440675693021, 0.714082884170091, 6.064910154384754, 1.0702710427730429, 8.797837057561688, 10.599487416975176, 9.187612320508903, 2.7458438111301717]], "pareto_front": [[[0, [-132602195.67903896, -0.01684649273577052]], [8, [-140408832.27741, -0.013159825541295737]]], [[2, [-143900402.32634234, -0.014160232375313716]], [6, [-138865205.39452097, -0.01938387159491982]], [7, [-133564819.10570844, -0.02179940627286384]]], [[5, [-135015817.71202052, -0.022260250771789527]], [9, [-154133377.2351736, -0.018107455158017566]]], [[3, [-145916482.3460557, -0.025602047588830175]], [4, [-158863112.71489975, -0.021508330986520368]]], [[1, [-169104470.8557289, -0.028061044789107023]]]]}