{"throttle_brake": {"kp": 0.5598260153096059, "ki": 0.2811264050014546, "kd": 0.18212871302578837}, "steering": {"kp": 0.6246676293423593, "ki": 0.5819227016879811, "kd": 0.9064956377872673}, "safety_buffer": 0.6230936988673876, "speed_set": {"s1": 5.0, "s2": 7.0, "s3": 9.0, "s4": 3.0, "s5": 7.0, "s6": 6.0, "s7": 10.0, "s8": 2.0}, "fitness_values": {"Position_Error": -515.3784301767176, "Velocity_Error": -5147.456478242964}, "pareto_front": [[[8, [-553.645675520201, -6628.417222565896, 8.0]]], [[0, [-597.6905955671805, -6819.007273045204, 8.0]], [1, [-578.12360712189, -7415.246866174642, 8.0]]], [[2, [-20585.25298958964, -31645.184990775913, 7.0]], [5, [-20597.817379102955, -26806.799353254417, 6.0]], [9, [-11968.322469364577, -18972.61635490147, 3.0]]], [[3, [-21863.434165745402, -37774.77086645346, 6.0]], [6, [-20627.91588557903, -23349.246670376673, 2.0]], [7, [-20907.45974715485, -21278.721080066043, 2.0]]], [[4, [-30000.0, -30000.0, 1.0]]]]}
