{"throttle_brake": {"kp": 0.6747743957981784, "ki": 0.5901792491752478, "kd": 0.7233098775814302}, "steering": {"kp": 0.1296326457819994, "ki": 0.3661707745394134, "kd": 0.12860678767743416}, "safety_buffer": 0.3163356606237706, "speed_adhere": 2.3949256165234893, "lastFit": [[-10863.18236626967, -0.007971514126934705], [-10863.174810652888, -0.012144450332745414], [-962693.6111496037, -0.014251780136647754], [-10862.76240551229, -0.018702261331219282], [-995423.1736043211, -0.041892150216720055], [-10862.731972220528, -0.056862279347303125], [-10862.480235174427, -0.01499478637428085], [-10862.994603912859, -0.012990570718536567], [-10863.13306555707, -0.009563427661073003], [-10862.905560650677, -0.03278193835951037]], "lastSol": [[0.6747743957981784, 0.5901792491752478, 0.7233098775814302, 0.1296326457819994, 0.3661707745394134, 0.12860678767743416, 0.3163356606237706, 2.3949256165234893], [0.11720457363427483, 0.36922052593973453, 0.5492224877550838, 0.5445160469379333, 0.9947567157147359, 1.0943513622969476, 0.2522056144311897, 1.7068704410989177], [0.6747743957981784, 0.6773463796983556, 0.7233098775814302, 0.08104997115166701, 0.3661707745394134, 0.32646170347758785, 0.9558195350573326, 0.9392223516587141], [0.6747743957981784, 0.6773463796983556, 0.8609929377932604, 0.08104997115166701, 0.3661707745394134, 0.12860678767743416, 0.3163356606237706, 1.9246109731467143], [0.6747743957981784, 0.6773463796983556, 0.607076011549045, 0.9463303795661118, 0.3661707745394134, 0.12860678767743416, 0.3163356606237706, 2.3949256165234893], [0.6747743957981784, 1.069232846527192, 0.7065944171571887, 0.8394858865146047, 0.5343132671913362, 0.5262875821100972, 0.61269192122267, 1.7269230515438685], [1.4956775838332852, 0.35260772993156575, 2.3424587812263518, 0.17450517888560846, 0.5343132671913362, 1.7488927379944132, 0.38651073434400507, 1.3701498940447219]], "pareto_front": [[[0, [-10863.18236626967, -0.007971514126934705]], [6, [-10862.480235174427, -0.01499478637428085]], [7, [-10862.994603912859, -0.012990570718536567]], [8, [-10863.13306555707, -0.009563427661073003]]], [[1, [-10863.174810652888, -0.012144450332745414]], [3, [-10862.76240551229, -0.018702261331219282]], [5, [-10862.731972220528, -0.056862279347303125]]], [[2, [-962693.6111496037, -0.014251780136647754]], [9, [-10862.905560650677, -0.03278193835951037]]], [[4, [-995423.1736043211, -0.041892150216720055]]]]}