{"throttle_brake": {"kp": 0.41651553809923797, "ki": 0.05080997103675178, "kd": 0.821235553205371}, "steering": {"kp": 4.844281379699611, "ki": 1.0364213399498106, "kd": 0.5318966893486109}, "safety_buffer": 1.3095421310517865, "speed_adhere": 3.9465399885472503}
