{"throttle_brake": {"kp": 3.7079501572733533, "ki": 3.828471576958918, "kd": 1.6483498965498375}, "steering": {"kp": 0.14410487110778608, "ki": 0.21551241902014373, "kd": 3.473439242393797}, "safety_buffer": 2.154265479953855, "speed_adhere": -11.197324590014924, "Fitness": 5962.468772064726}