{"throttle_brake": {"kp": 1.349551522034853, "ki": 0.8671947803516089, "kd": 3.1066376505509132}, "steering": {"kp": 0.1576741420714882, "ki": 0.7671984012530884, "kd": 2.064210659284515}, "safety_buffer": 1.5005882470108587, "speed_adhere": -1.2925509758635456, "Fitness": 5962.939284412019}