{"throttle_brake": {"kp": 0.5829939177937349, "ki": 0.2906708075713966, "kd": 0.18429695590593287}, "steering": {"kp": 0.18695031186187938, "ki": 0.17214835947141882, "kd": 0.35752485156250424}, "safety_buffer": 0.24318083732751083, "speed_adhere": 0.1353512781522912, "lastFit": [[-14189.947711417426, -0.012627634681234392], [-14189.852069546478, -0.02145831674351755], [-14190.4453804586, -0.01111268217336976], [-14190.208476783455, -0.03141964805375861], [-14190.18125730229, -0.04376777645504034], [-962561.5271240155, -0.01987006958570979], [-993428.2347268434, -0.03266848785760648], [-14190.108891106951, -0.01774596726901596], [-990633.4188246456, -0.008652927491244676], [-14190.19277413179, -0.0035494160520847208]], "lastSol": [[0.5829939177937349, 0.6899093033061636, 0.18429695590593287, 0.3361756262275901, 0.8273834464025909, 0.35752485156250424, 0.8662005395879577, -0.22351131003950164], [1.4512127068907301, 0.6899093033061636, 0.18429695590593287, 0.3361756262275901, 0.8273834464025909, 0.35752485156250424, 0.8662005395879577, -0.0492590247815039], [0.5829939177937349, 0.2906708075713966, 0.18429695590593287, 0.18695031186187938, 0.17214835947141882, 0.35752485156250424, 0.24318083732751083, 0.1353512781522912], [0.5829939177937349, 0.6899093033061636, 1.0305053618039595, 0.3579698062652179, 0.17214835947141882, 0.35752485156250424, 0.24318083732751083, -0.17960208805832312], [1.074922688677763, 0.6899093033061636, 0.7449427743278132, 0.3361756262275901, 0.6435993725867133, 0.854061957523021, 0.3258282553827523, 0.14951848179052663], [0.11716051586129894, 0.6899093033061636, 0.18429695590593287, 0.3361756262275901, 0.8273834464025909, 0.35752485156250424, 0.5305819997814929, -0.22351131003950164], [1.6202196265925783, 0.6899093033061636, 1.5102621461725818, 0.42239641201588984, 1.5354388452440382, 0.854061957523021, 0.3258282553827523, 0.3887271542441779]], "pareto_front": [[[0, [-14189.947711417426, -0.012627634681234392]], [1, [-14189.852069546478, -0.02145831674351755]], [9, [-14190.19277413179, -0.0035494160520847208]]], [[2, [-14190.4453804586, -0.01111268217336976]], [7, [-14190.108891106951, -0.01774596726901596]], [8, [-990633.4188246456, -0.008652927491244676]]], [[3, [-14190.208476783455, -0.03141964805375861]], [4, [-14190.18125730229, -0.04376777645504034]], [5, [-962561.5271240155, -0.01987006958570979]]], [[6, [-993428.2347268434, -0.03266848785760648]]]]}