{"throttle_brake": {"kp": 2.0146079352061728, "ki": 1.224143694395634, "kd": 1.857163756672785}, "steering": {"kp": 0.40018201395834874, "ki": 2.318287076008571, "kd": 0.5490400582905037}, "safety_buffer": 0.20331967115984462, "speed_adhere": 7.799871128668468, "lastFit": [[0.5987354283177756, 20.800229991217947], [0.6197267311392466, 13.087133201465837], [0.5935897035432245, 17.110993810901043], [0.5770443593346817, 12.833685647404474], [1.018017338159491e-06, 1.0180176675638392e-06], [0.6446991950905743, 11.460364555279604], [0.44732690058210123, 7.854296491073507], [0.5564575768615458, 18.85344725857723], [1.019259686455327e-06, 1.0192601391342063e-06], [1.019536349293604e-06, 1.0195366775137737e-06]], "lastSol": [[2.0146079352061728, 1.224143694395634, 1.857163756672785, 0.40018201395834874, 2.318287076008571, 0.5490400582905037, 0.20331967115984462, 7.799871128668468], [2.0146079352061728, 1.224143694395634, 1.857163756672785, 0.40018201395834874, 2.6220861416293584, 1.248310812234992, 0.5342502236303417, 8.101928841162302], [1.3592493800465324, 1.9797437658145685, 1.7064596133130152, 0.48576926427173994, 2.318287076008571, 1.5056732170055116, 0.5342502236303417, 7.799871128668468], [2.0146079352061728, 0.4657832600299846, 1.4794269264928255, 0.40018201395834874, 2.318287076008571, 0.6363355740328849, 0.37891425212123586, 7.323689141331406], [1.047939242962077, 1.224143694395634, 1.857163756672785, 0.40018201395834874, 2.517297680588918, 1.2270336109701052, 0.20331967115984462, 7.799871128668468], [2.0146079352061728, 0.28723241107095576, 1.7928036106316332, 0.40018201395834874, 2.318287076008571, 1.4804708970333138, 0.5342502236303417, 7.213252248116892], [0.866231230306951, 1.224143694395634, 2.3605230833393795, 0.6138121295400838, 2.2852336122840256, 1.0301094964222202, 0.7223101115952189, 8.050305298945357]], "pareto_front": [[[0, [0.5987354283177756, 20.800229991217947]], [1, [0.6197267311392466, 13.087133201465837]], [5, [0.6446991950905743, 11.460364555279604]]], [[2, [0.5935897035432245, 17.110993810901043]], [7, [0.5564575768615458, 18.85344725857723]]], [[3, [0.5770443593346817, 12.833685647404474]]], [[6, [0.44732690058210123, 7.854296491073507]]], [[9, [1.019536349293604e-06, 1.0195366775137737e-06]]], [[8, [1.019259686455327e-06, 1.0192601391342063e-06]]], [[4, [1.018017338159491e-06, 1.0180176675638392e-06]]]]}