{"throttle_brake": {"kp": 0.9287605418673424, "ki": 1.8135584163082255, "kd": 2.117921126276793}, "steering": {"kp": 1.1333996833155846, "ki": 2.034077345808517, "kd": 3.4412760466037016}, "safety_buffer": 0.5120874208056374, "speed_adhere": 12.079850638178515, "Fitness": 0.6645127667071558}