{"throttle_brake": {"kp": 0.2584522044968516, "ki": 0.433382914599637, "kd": 0.38119400856567764}, "steering": {"kp": 0.002476673326340162, "ki": 0.6433284239548378, "kd": 2.7443994104123597}, "safety_buffer": 0.37607674850942024, "speed_adhere": 10.872765104039544, "Fitness": 0.6918213346952071}