{"throttle_brake": {"kp": 1.8475160431962658, "ki": 1.4677817447226515, "kd": 1.3481227655206482}, "steering": {"kp": 1.3664420371704018, "ki": 2.0822429277122425, "kd": 1.745765389926092}, "safety_buffer": 0.0034720440716924372, "speed_adhere": 8.344471911655312, "Fitness": 0.8529099778038693}