{"10": {"Trajectory_Error": -602.3138378163226, "Velocity_Error": -3182.806122542199}, "20": {"Trajectory_Error": -602.3138378163226, "Velocity_Error": -3182.806122542199}, "30": {"Trajectory_Error": -602.3138378163226, "Velocity_Error": -3182.806122542199}, "40": {"Trajectory_Error": -602.3138378163226, "Velocity_Error": -3182.806122542199}, "50": {"Trajectory_Error": -602.3138378163226, "Velocity_Error": -3182.806122542199}, "60": {"Trajectory_Error": -602.3138378163226, "Velocity_Error": -3182.806122542199}, "70": {"Trajectory_Error": -602.3138378163226, "Velocity_Error": -3182.806122542199}}