{"10": {"Trajectory_Error": -928.5385939531513, "Velocity_Error": -37262.676521886155}, "20": {"Trajectory_Error": -928.5385939531513, "Velocity_Error": -37262.676521886155}, "30": {"Trajectory_Error": -928.5385939531513, "Velocity_Error": -37262.676521886155}}