{"3": {"Trajectory_Error": -854.2719516569468, "Velocity_Error": -23588.99296746259, "Regularization": -0.005545750544800692}, "6": {"Trajectory_Error": -21403.134617932203, "Velocity_Error": -42434.47951847243, "Regularization": -0.039070985876632644}}