{"10": {"Trajectory_Error": -914.9082155743646, "Velocity_Error": -28091.084154247746}, "20": {"Trajectory_Error": -914.9082155743646, "Velocity_Error": -28091.084154247746}, "30": {"Trajectory_Error": -914.9082155743646, "Velocity_Error": -28091.084154247746}, "40": {"Trajectory_Error": -914.9082155743646, "Velocity_Error": -28091.084154247746}, "50": {"Trajectory_Error": -914.9082155743646, "Velocity_Error": -28091.084154247746}, "60": {"Trajectory_Error": -914.9082155743646, "Velocity_Error": -28091.084154247746}, "70": {"Trajectory_Error": -914.9082155743646, "Velocity_Error": -28091.084154247746}, "80": {"Trajectory_Error": -914.9082155743646, "Velocity_Error": -28091.084154247746}, "90": {"Trajectory_Error": -914.9082155743646, "Velocity_Error": -28091.084154247746}, "100": {"Trajectory_Error": -914.9082155743646, "Velocity_Error": -28091.084154247746}}