{"throttle_brake": {"kp": 0.18441516252774526, "ki": 0.3394260511694456, "kd": 3.9113132230317995}, "steering": {"kp": 0.8339110257476461, "ki": 1.7257274098965856, "kd": 0.6772323471453519}, "safety_buffer": 0.420740242040923, "speed_adhere": 4.498171109294495, "lastFit": [[5.366278725147307e-05, 3174.7562126829484], [5.3616359086903424e-05, 30.72522231240565], [8.384349217110173e-05, 30.91457285977297], [5.357767728277608e-05, 6.1543044088084375], [8.38407383639553e-05, 50.21646256877875], [5.35758848117232e-05, 131.41201624260873], [8.383806964213777e-05, 38.22880264980887], [8.368294690544673e-05, 5.447251583584897], [5.358305803849911e-05, 6.973742359487114], [8.384634267875577e-05, 53.22242684739324]], "lastSol": [[0.18441516252774526, 0.3394260511694456, 3.9113132230317995, 0.8339110257476461, 1.7257274098965856, 0.6772323471453519, 0.420740242040923, 4.498171109294495], [0.760209473486454, 0.5480795829688712, 4.031440586398391, 0.07225553120659156, 0.994669314596925, 1.7548274497001406, 0.420740242040923, 4.012985732681651], [0.760209473486454, 0.5480795829688712, 4.031440586398391, 0.07225553120659156, 0.1136614722681899, 1.258593522125213, 0.1539539895510078, 4.545371525452072], [0.760209473486454, 0.33089128197622797, 3.2517283895503697, 0.07225553120659156, 0.994669314596925, 1.6478710298003552, 0.8223817116525467, 5.127413318486481], [0.18441516252774526, 0.1525525369037246, 4.36551630900685, 0.29109698534364714, 1.7257274098965856, 0.6772323471453519, 0.7292825923611248, 4.498171109294495], [1.4298004518925809, 0.1525525369037246, 3.9113132230317995, 0.23681925458077946, 1.5505030148136116, 2.1375644765548074, 0.22559947490758536, 4.171379532173684], [0.18441516252774526, 0.3394260511694456, 3.200350764023117, 0.8339110257476461, 1.7257274098965856, 0.6772323471453519, 0.1539539895510078, 3.962850725414291]], "pareto_front": [[[0, [5.366278725147307e-05, 3174.7562126829484]], [9, [8.384634267875577e-05, 53.22242684739324]]], [[2, [8.384349217110173e-05, 30.91457285977297]], [4, [8.38407383639553e-05, 50.21646256877875]], [5, [5.35758848117232e-05, 131.41201624260873]]], [[6, [8.383806964213777e-05, 38.22880264980887]]], [[1, [5.3616359086903424e-05, 30.72522231240565]], [7, [8.368294690544673e-05, 5.447251583584897]]], [[8, [5.358305803849911e-05, 6.973742359487114]]], [[3, [5.357767728277608e-05, 6.1543044088084375]]]]}